{
  "textures": {
    "1": "block/peony/snowman_mid",
    "2": "block/peony/snowman_base",
    "particle": "minecraft:block/snow"
  },
  "elements": [
    {
      "name": "middle",
      "from": [
        3,
        12,
        3
      ],
      "to": [
        13,
        16,
        13
      ],
      "faces": {
        "north": {
          "uv": [
            5,
            9,
            10,
            11
          ],
          "texture": "#1"
        },
        "east": {
          "uv": [
            0,
            9,
            5,
            11
          ],
          "texture": "#1"
        },
        "south": {
          "uv": [
            10,
            14,
            15,
            16
          ],
          "texture": "#1"
        },
        "west": {
          "uv": [
            10,
            9,
            15,
            11
          ],
          "texture": "#1"
        },
        "up": {
          "uv": [
            5,
            1,
            10,
            6
          ],
          "rotation": 270,
          "texture": "#1"
        },
        "down": {
          "uv": [
            5,
            11,
            10,
            16
          ],
          "rotation": 90,
          "texture": "#1"
        }
      }
    },
    {
      "name": "base",
      "from": [
        2,
        0,
        2
      ],
      "to": [
        14,
        12,
        14
      ],
      "faces": {
        "north": {
          "uv": [
            0,
            4,
            6,
            10
          ],
          "texture": "#2"
        },
        "east": {
          "uv": [
            6,
            4,
            12,
            10
          ],
          "texture": "#2"
        },
        "south": {
          "uv": [
            6,
            4,
            12,
            10
          ],
          "texture": "#2"
        },
        "west": {
          "uv": [
            6,
            4,
            12,
            10
          ],
          "texture": "#2"
        },
        "up": {
          "uv": [
            6,
            10,
            12,
            16
          ],
          "texture": "#2"
        },
        "down": {
          "uv": [
            0,
            10,
            6,
            16
          ],
          "texture": "#2"
        }
      }
    }
  ],
  "groups": [
    {
      "name": "snowman_full",
      "children": [
        0,
        1
      ]
    }
  ]
}