{
  "credit": "Made with Blockbench",
  "textures": {
    "0": "block/peony/snowman_head",
    "1": "block/peony/snowman_mid",
    "particle": "minecraft:block/snow"
  },
  "elements": [
    {
      "name": "head",
      "from": [
        4,
        6,
        4
      ],
      "to": [
        12,
        15,
        12
      ],
      "faces": {
        "north": {
          "uv": [
            0,
            11,
            4,
            16
          ],
          "texture": "#0"
        },
        "east": {
          "uv": [
            12,
            11,
            16,
            16
          ],
          "texture": "#0"
        },
        "south": {
          "uv": [
            8,
            11,
            12,
            16
          ],
          "texture": "#0"
        },
        "west": {
          "uv": [
            4,
            11,
            8,
            16
          ],
          "texture": "#0"
        },
        "up": {
          "uv": [
            4,
            7,
            8,
            11
          ],
          "texture": "#0"
        },
        "down": {
          "uv": [
            8,
            7,
            12,
            11
          ],
          "texture": "#0"
        }
      }
    },
    {
      "name": "nose",
      "from": [
        7,
        6,
        2
      ],
      "to": [
        9,
        10,
        4
      ],
      "faces": {
        "north": {
          "uv": [
            1,
            9,
            2,
            11
          ],
          "texture": "#0"
        },
        "east": {
          "uv": [
            0,
            9,
            1,
            11
          ],
          "texture": "#0"
        },
        "south": {
          "uv": [
            3,
            9,
            4,
            11
          ],
          "rotation": 180,
          "texture": "#0"
        },
        "west": {
          "uv": [
            2,
            9,
            3,
            11
          ],
          "texture": "#0"
        },
        "up": {
          "uv": [
            1,
            8,
            2,
            9
          ],
          "rotation": 180,
          "texture": "#0"
        },
        "down": {
          "uv": [
            2,
            8,
            3,
            9
          ],
          "rotation": 180,
          "texture": "#0"
        }
      }
    },
    {
      "name": "middle",
      "from": [
        3,
        0,
        3
      ],
      "to": [
        13,
        6,
        13
      ],
      "faces": {
        "north": {
          "uv": [
            5,
            6,
            10,
            9
          ],
          "texture": "#1"
        },
        "east": {
          "uv": [
            0,
            6,
            5,
            9
          ],
          "texture": "#1"
        },
        "south": {
          "uv": [
            10,
            11,
            15,
            14
          ],
          "texture": "#1"
        },
        "west": {
          "uv": [
            10,
            6,
            15,
            9
          ],
          "texture": "#1"
        },
        "up": {
          "uv": [
            5,
            1,
            10,
            6
          ],
          "rotation": 270,
          "texture": "#1"
        },
        "down": {
          "uv": [
            5,
            11,
            10,
            16
          ],
          "rotation": 90,
          "texture": "#1"
        }
      }
    },
    {
      "name": "arm_right",
      "from": [
        14,
        0,
        7
      ],
      "to": [
        15,
        9,
        8
      ],
      "rotation": {
        "angle": -45,
        "axis": "z",
        "origin": [
          2.5,
          16.5,
          8.5
        ]
      },
      "faces": {
        "north": {
          "uv": [
            11,
            1.5,
            11.5,
            6
          ],
          "texture": "#1"
        },
        "east": {
          "uv": [
            12.5,
            1.5,
            13,
            6
          ],
          "texture": "#1"
        },
        "south": {
          "uv": [
            11.5,
            1.5,
            12,
            6
          ],
          "texture": "#1"
        },
        "west": {
          "uv": [
            12,
            1.5,
            12.5,
            6
          ],
          "texture": "#1"
        },
        "up": {
          "uv": [
            11.5,
            1,
            12,
            1.5
          ],
          "rotation": 270,
          "texture": "#1"
        },
        "down": {
          "uv": [
            12,
            1,
            12.5,
            1.5
          ],
          "rotation": 270,
          "texture": "#1"
        }
      }
    },
    {
      "name": "arm_left",
      "from": [
        -2,
        -8,
        8
      ],
      "to": [
        -1,
        1,
        9
      ],
      "rotation": {
        "angle": 45,
        "axis": "z",
        "origin": [
          2.5,
          16.5,
          8.5
        ]
      },
      "faces": {
        "north": {
          "uv": [
            12.5,
            1.5,
            13,
            6
          ],
          "texture": "#1"
        },
        "east": {
          "uv": [
            11.5,
            1.5,
            12,
            6
          ],
          "texture": "#1"
        },
        "south": {
          "uv": [
            12,
            1.5,
            12.5,
            6
          ],
          "texture": "#1"
        },
        "west": {
          "uv": [
            11,
            1.5,
            11.5,
            6
          ],
          "texture": "#1"
        },
        "up": {
          "uv": [
            11.5,
            1,
            12,
            1.5
          ],
          "rotation": 180,
          "texture": "#1"
        },
        "down": {
          "uv": [
            12,
            1,
            12.5,
            1.5
          ],
          "texture": "#1"
        }
      }
    }
  ],
  "groups": [
    {
      "name": "snowman_full",
      "children": [
        0,
        1,
        2,
        3,
        4
      ]
    }
  ]
}