{
	"credit": "Made with Blockbench",
	"textures": {
		"4": "block/snow",
		"particle": "block/snow"
	},
	"elements": [
		{
			"from": [0, 0, 0],
			"to": [16, 16, 16],
			"faces": {
				"north": {"uv": [0, 0, 16, 16], "texture": "#4", "cullface": "north"},
				"east": {"uv": [0, 0, 16, 16], "texture": "#4", "cullface": "east"},
				"south": {"uv": [0, 0, 16, 16], "texture": "#4", "cullface": "south"},
				"west": {"uv": [0, 0, 16, 16], "texture": "#4", "cullface": "west"},
				"up": {"uv": [0, 0, 16, 16], "texture": "#4", "cullface": "up"},
				"down": {"uv": [0, 0, 16, 16], "texture": "#4", "cullface": "down"}
			}
		}
	]
}